loss,accuracy,balanced_accuracy,macro_f1,weighted_f1,roc_auc
1.4642671863990602,0.6262626262626263,0.547979797979798,0.5010107835070646,0.5510105110586799,0.7423817297554671
