threshold,accuracy,balanced_accuracy,macro_f1,weighted_f1,roc_auc
0.3499999999999999,0.6222222222222222,0.537037037037037,0.4720496894409938,0.5283643892339545,0.7423817297554671
